left_eye_center_x,left_eye_center_y,right_eye_center_x,right_eye_center_y,left_eye_inner_corner_x,left_eye_inner_corner_y,left_eye_outer_corner_x,left_eye_outer_corner_y,right_eye_inner_corner_x,right_eye_inner_corner_y,right_eye_outer_corner_x,right_eye_outer_corner_y,left_eyebrow_inner_end_x,left_eyebrow_inner_end_y,left_eyebrow_outer_end_x,left_eyebrow_outer_end_y,right_eyebrow_inner_end_x,right_eyebrow_inner_end_y,right_eyebrow_outer_end_x,right_eyebrow_outer_end_y,nose_tip_x,nose_tip_y,mouth_left_corner_x,mouth_left_corner_y,mouth_right_corner_x,mouth_right_corner_y,mouth_center_top_lip_x,mouth_center_top_lip_y,mouth_center_bottom_lip_x,mouth_center_bottom_lip_y
64.33293617,34.9700766,29.9492766,33.44871489,58.85617021,35.27434894,70.7227234,36.18716596,36.0347234,34.36153191,24.47251064,33.14444255,53.98740426,28.27594894,78.63421277,30.4059234,42.72885106,26.14604255,16.8653617,27.05885957,48.20629787,55.66093617,56.42144681,76.352,35.12238298,76.04765957,46.68459574,70.26655319,45.46791489,85.48017021
64.13186577,34.29004027,29.57895302,33.13804027,57.79715436,35.15404027,69.02657718,34.29004027,34.76166443,33.71404027,24.10824161,33.13804027,58.66115436,27.09132886,76.22528859,29.10732886,40.23302013,27.09132886,19.50088591,27.66732886,46.85508725,53.0061745,55.78179866,70.57095302,33.89830872,70.28295302,45.12773154,65.09959732,45.41573154,78.05702013
67.4688932,39.41345243,29.35596117,39.6217165,59.55495146,40.45477282,75.59161165,40.03824466,37.47821359,40.45477282,21.02539806,40.03824466,56.01413592,27.33390291,84.13048544,31.29101359,39.76916505,26.91737476,11.86159223,31.91580583,47.8918835,56.90796117,66.84396117,80.02578641,30.18920388,81.27518447,48.10019417,71.27860194,48.51681553,91.06392233
65.80288,34.7552,27.47584,36.1856,58.652159999999995,37.32928,72.95296,35.89952,36.3424,37.0432,20.325120000000002,37.615359999999995,57.50784,25.0304,79.2736,28.634240000000002,36.3424,26.17472,12.88896,31.322879999999998,48.069759999999995,55.34848,65.5168,73.36832,31.19424,74.79808,49.213440000000006,67.648,49.499520000000004,83.09312
64.12123077,36.74030769,29.46892308,38.39015385,58.62092308,37.84061538,71.27199999999999,37.29033846,36.34461538,39.49046154,22.86830769,40.04061538,56.97107692,28.48972308,75.94707692,29.58978462,36.61907692,29.31476923,16.81784615,33.99015385,48.99507692,54.34153846,65.77169231,69.19261538,32.76923077,72.21784615,49.27015385,67.54276923,49.54523077,76.89353846
65.23018868,34.34264151,28.80271698,33.93781132,58.75381132,35.55713208,70.08633962,35.55713208,34.46943396,35.15230189,24.35049057,35.55713208,53.89675472,28.27109434,76.15788679,28.27109434,38.51683019,26.24784906,16.6605283,27.86716981,47.42128302,51.74671698,57.13449057,71.57977358,34.06460377,70.77011321,46.46943396,65.26007547,46.20679245,81.69781132
66.57473684,37.308,30.44526316,37.308,59.03621053,38.27684211,73.91305263,38.43663158,38.05389474,38.35136842,23.67157895,38.71894737,57.82421053,27.14652632,79.27578947,30.53368421,38.91347368,27.71115789,18.87284211,29.96905263,50.10821053,54.54505263,64.03389474,74.28378947,35.244,74.84778947,49.07431579,68.35578947,49.63894737,83.88
65.27058824,34.94023529,33.0227451,32.97694118,60.50321569,34.94023529,70.03733333,36.34196078,36.94870588,34.09882353,27.69505882,34.37929412,58.26007843,29.89239216,75.36501961,29.33145098,40.34572549,29.16831373,22.64784314,27.6492549,47.88454902,52.88658824,57.13819608,68.58917647,34.98541176,67.18745098,46.48282353,63.54196078,46.20235294,74.19796078
67.83950769,38.59790769,28.01673846,36.39773538,60.13932308,39.69796923,76.86055385,40.35800615,38.35766154,38.37789538,20.53612308,37.05777231,57.71913846,27.37708308,85.88110769,34.19756308,41.43753846,24.51687385,13.27556923,26.49703385,48.0384,54.87901538,66.51963077,78.8608,27.79667692,77.54092308,47.15815385,70.50043077,46.27790769,88.98166154
69.23345455,40.02152727,25.55083636,38.07185455,60.26269091,40.02152727,76.25454545,40.41163636,33.35127273,38.46196364,17.74952727,38.85207273,59.48334545,28.32087273,83.3376,33.28756364,35.30094545,25.98109091,11.89963636,28.32087273,45.83214545,60.30283636,62.21323636,81.36436364,29.45105455,81.36436364,46.61236364,76.6848,45.83214545,93.456
64.76246617,34.93338947,31.85972932,37.19148271,59.92421053,35.90111278,70.56938346,35.25596391,37.98857143,37.51405714,27.3433985,38.48178045,55.08523308,30.41727519,74.85112782,27.59285414,37.66592481,32.03014737,19.42015038,34.33364211,49.92433083,54.28821654,63.4726015,72.99753383,40.24637594,74.2881203,50.24697744,69.44914286,52.18213534,83.32006015
64.15559281,35.25384431,30.75794012,35.25384431,57.23841916,36.14831138,71.91952096,35.95516168,37.52047904,36.17417964,23.82179641,37.05255089999999,56.70553293,25.74869461,75.45944909999999,28.83161677,37.18074252,26.00565269,17.39899401,30.11583234,47.97068263,51.18237126,61.84354491,70.96354491,34.35477844,71.73441916,47.97068263,62.74261078,48.74155689,82.52435928
64.95629268,35.2355122,29.11668293,35.2355122,59.20097561,36.54380488,72.01990244,36.80546341,35.65697561,36.80546341,22.05307317,36.54380488,58.15492683,26.864312199999997,78.29853659,30.26517073,38.53463415,27.387512199999996,16.297756099999997,30.26517073,47.69034146,50.14712195,61.03258537,72.38341463,32.51765854,72.90673171,48.21365854,65.32039024,47.16760976,81.01639024
67.50886957,35.72765217,30.66834783,33.62921739,61.21356522,36.89321739,74.97026087,37.35965217,36.73043478,35.96086957,23.90608696,34.32834783,60.51391304,28.26626087,80.33321739,30.83113043,40.92782609,28.26626087,18.38034783,28.2746087,48.62243478,53.44852174,60.04747826,73.73426087,32.06713043,72.33495652,47.92278261,67.43843478,46.05756522,81.89530435
66.05951999999999,36.84864,26.58912,37.70688,60.0528,37.70688,72.49535999999999,37.70688,32.16576,37.70688,19.72416,38.56512,55.33344,29.126496000000003,78.93024,28.697471999999998,34.74048,30.413664,14.146560000000001,29.55552,45.46656,53.58144,63.914880000000004,77.60736,30.87936,78.03648000000001,45.89472,72.02976,47.18208,86.18784000000001
64.71248979999999,34.26808163,30.85714286,32.22530612,58.87542857,34.85191837,69.96571429,34.85191837,36.11036735,33.39232653,25.60326531,33.10106122,57.12391837,27.84718367,76.67853061,29.30677551,40.488489799999996,28.13910204,20.05812245,25.80440816,46.90938776,54.40653061,58.583510200000006,67.83216327,33.77567347,66.6644898,46.90938776,63.74595918,45.74171429,77.75477551
66.21495652,35.63777391,30.4626087,37.50309565,59.99721739,36.57043478,72.12243478,35.63777391,37.30226087,37.50309565,23.93391304,37.50309565,58.13217391,30.35262609,75.54226087,28.48723478,38.54608696,30.66351304,19.27026087,33.1506087,48.80556522,58.64347826,64.34991304,73.5666087,34.81530435,74.18852174,49.73773913,71.70156522,50.35965217,82.89321739
64.33249315,34.60727671,32.88986301,37.25194521,59.63046575,35.48883288,69.03386301,34.3133589,37.59123288,37.54579726,26.71890411,37.54579726,57.27978082,29.31780822,74.61764384,26.08536986,40.52975342,31.080986300000003,19.07835616,32.55024658,51.10882192,60.46684932,62.27572603,71.9270137,36.12230137,73.69052055,50.5209863,69.87024658,50.81490411,77.51013699
67.42426891,39.62871933,28.486991600000003,37.46557311,61.65539496,39.26819496,73.19233613,40.71029244,34.61566387,37.82609748,22.71811765,38.54714622,56.24712605,30.25492437,80.76342857,30.97597311,39.569747899999996,29.21747899,18.03105882,26.6496,46.68020168,50.56771765,60.21297479,76.40309244,34.25505882,76.04248740000001,46.39704202,69.0490084,46.15260504,82.89236975
64.99718919,36.67632432,29.43740541,37.44864865,59.19913514,37.83524324,72.34075676,37.44864865,34.84886486,37.83524324,23.25362162,38.60843243,54.17427027,29.33223784,76.20583784,28.17271351,36.00864865,30.10525405,17.45556757,31.26477838,47.2172973,51.36345946,62.29189189,74.55481081,36.00864865,74.94140541,48.37708108,67.98356757,48.37708108,83.83048649
68.37643636,38.341440000000006,30.1536,37.56139636,60.56814545,38.22789818,73.83621818,39.12148364,36.78370909,38.341440000000006,23.52261818,37.95141818,58.07563636,27.43208727,78.51665455,30.93093818,36.73309091,26.76427636,16.89250909,31.71098182,48.67461818,52.40736,63.696000000000005,75.00392727,34.05381818,75.78414545,48.87447273,69.93338182,48.09512727,84.75490909
67.69098795,37.85869879999999,31.03518072,38.11836145,61.97204819,38.11836145,73.41050602,38.89850602,35.97513253,38.37860241,25.055999999999997,38.89850602,55.99228916,26.41966265,80.94939759,28.75951807,40.91450602,27.19980723,17.25686747,30.57946988,46.37378313,51.11710843,61.97204819,73.73436145,33.11537349,72.95421687,45.59363855,66.45513253,46.37378313,82.31306024
65.78834899,34.74568591,26.62808054,34.74568591,61.18099329,35.32162148,74.42641611,35.89749262,32.09879195,35.03362148,20.29336913,36.18542819,58.01363758,25.24368322,78.16977181,24.66781208,36.41814765,24.66781208,14.53465772,24.37987651,44.48021477,63.25175839,62.90834899,73.3298255,33.53879195,71.3144698,47.35957047,70.4504698,47.64757047,81.96789262
64.95230075,37.51795489,31.20721805,34.92162406,59.760360899999995,37.84204511,69.81942857,37.84204511,36.07434586,36.5442406,24.71747368,36.22015038,57.47512782,28.39795489,75.9843609,30.37930827,37.04733835,25.18772932,17.57882707,29.73040602,47.43049624,53.09233083,57.48956391,70.93822556,35.74953383,70.28932331,46.45750376,64.44920301,47.10640602,78.72577444
65.37852632,36.95873684,28.96736842,37.52273684,58.60421053,38.652,72.71684211,38.08736842,36.588,38.652,21.62842105,38.93431579,55.49936842,27.07957895,78.08021053,29.90210526,36.588,27.36189474,15.98336842,31.03073684,49.85431579,56.43410526,64.81389474,72.80526316,31.50757895,74.21621053,49.28968421,69.13578947,49.28968421,79.86126316
65.74652632,37.58863158,29.61684211,36.45962105,59.72463158,37.96496842,73.27326316,39.09406316,36.01515789,37.58863158,22.46652632,36.45962105,54.45557895,30.43814737,80.04715789,33.44884211,42.78905263,28.18004211,16.44547368,28.55637895,47.30526316,56.40589474,59.72463158,79.36252632,30.74610526,78.60968421,45.42315789,75.22273684,45.04757895,85.008
64.50771429,38.46514286,28.88314286,38.84828571,59.52771429,38.46514286,70.25399999999999,38.84828571,34.24542857,39.61371429,23.13685714,39.99685714,53.39914286,32.71885714,76.38257143,31.18628571,36.92742857,33.102,16.62514286,33.48514286,48.036,55.70314286,62.97514286,74.47285714,33.86228571,74.85600000000001,48.036,70.64228571,48.41914286,82.51714286
66.9938255,36.10270067,27.25820134,35.52682953,61.52311409,36.39063624,74.76853691,36.67857181,33.01691275,35.8147651,21.78748993,36.39063624,57.20375839,24.58508456,81.39124832,25.44889128,36.76026846,24.29714899,13.72477852,25.73682685,44.82233557,63.16928859,62.09911409,72.38335570000001,35.32026846,71.5193557,48.27769128,68.352,47.98969128,83.03677852
69.97115924,33.53818089,30.34700637,34.90449936,63.95923567,33.81144459,75.70975796,34.35797197,37.99887898,34.63123567,23.2423949,36.54414268,65.32524841,20.14801529,83.63434395,24.52029554,40.73151592,22.33418599,14.22450955,27.52625732,57.40066242,54.30664968,67.78456051,75.62170701,38.81824204,75.89503185,55.21467516,71.24912102,55.21467516,80.26700637
64.43948201,37.87800863,30.17922302,38.18665899,58.88391367,38.18665899,69.83067626,37.70610647,36.04351079,38.80395971,26.47528058,38.49530935,56.1061295,30.77891223,75.55130935,30.77891223,39.74745324,31.70493237,21.53646043,31.70493237,47.46336691,58.2492777,62.58785612,72.44753957,34.80863309,72.44753957,47.77208633,69.36103597,48.08080576,77.69438849
67.57628571,31.16768571,30.41914286,34.23257143,62.21314286,31.9338,74.08800000000001,31.55074286,36.93085714,33.46628571,24.28971429,35.38114286,61.44685714,20.82497143,81.36685714,24.27257143,37.69714286,24.65562857,16.24542857,28.10314286,51.87085714,49.938,67.57628571,71.38971429,39.22971429,71.77285714,52.254,66.02657143,53.40257143,81.34885714
68.81009396,38.99938792,30.514469800000004,36.69590336,62.76338255,38.71145235,78.31216107,41.01500134,36.56118121,36.40796779,21.58775839,37.84764564,59.30802685,23.450609399999998,82.63151678,30.07325638,40.30389262,22.58680268,16.11704698,26.90590067,45.77524832,60.01932886,67.37073826,72.11275168,29.650469800000003,67.50539597,47.21460403,66.92939597,46.06324832,79.59881879
70.33403077,37.95643077,27.4112,39.10596923,62.28578462,37.18990769,80.68135385,39.87249231,37.75852308,37.95643077,17.82990769,40.25550769,55.77107692,29.52516923,85.28049231,29.52516923,40.82461538,27.99212308,11.69821538,32.97427692,48.10584615,55.96849231,67.26793846,82.41181538,28.94424615,83.17833846,48.87236923,78.57969231,48.87236923,93.52615385
66.61621622,32.608000000000004,27.96454054,33.76778378,60.81816216,33.76778378,72.41340541,34.15437838,35.6947027,34.54097297,22.93967568,34.9267027,56.56648649,24.10473514,79.12389189,24.79610811,39.55978378,27.58330811,14.43632432,28.35632432,48.89859459,51.92043243,65.06983784,72.41945946,36.85448649,71.25967568,48.83632432,66.23481081,49.22291892,83.62810811
64.72814371,36.75707784,30.0457006,35.98677844,59.33317365,37.01403593,69.86615569,38.04186826,34.67037126,36.24316168,24.90768862,36.50011976,58.56229939999999,29.05005988,75.26112575,30.07789222,40.46428743,27.95439521,20.79750898,28.7931018,47.6251976,53.74102994,56.250251500000005,72.46677844,34.67037126,71.43952096,45.71726946,67.32876647,45.71726946,77.8617485
66.77008696,39.62587826,30.58226087,39.62587826,60.80055652,40.37200696,72.36563478,40.37200696,35.43234783,39.99894261,24.23958261,40.37200696,57.44306087,31.41829565,77.21572174,30.29910261,40.65474783,31.791359999999997,17.15144348,34.02982957,46.62427826,55.66831304,63.78573913,77.67902609,33.19346087,76.93273043,46.62427826,71.71033043,46.99742609,84.39401739
65.86232335,38.82251497,32.72162874,37.79468263,59.43952096,39.59338922,70.48641916,39.33643114,38.88747305,39.33643114,26.04186826,38.05164072,56.94811976,29.70326228,79.85762874,31.84906347,41.49556886,29.57150659,17.05028982,29.31702036,46.8514491,60.91631138,63.03635928,74.78917365,31.43683832,74.78917365,46.8514491,71.70625150000001,47.10840719,83.01010778
65.67986087,35.55906783,29.11888696,37.05099129999999,58.21857391,36.30553043,71.27624348,35.93238261,35.83387826,36.30553043,23.52333913,37.79728696,58.96486957,26.97850435,77.61808696,26.97850435,36.20702609,27.72463304,17.65231304,29.65757217,46.65349565,43.02052174,64.18726957,71.37391304,31.35777391,72.1202087,47.02664348,65.40438261,47.3997913,73.98511304
63.98601681,37.63038655,26.49115966,40.87502521,57.85734454,38.71220168,72.27831933,39.071999999999996,32.61983193,40.51442017,20.72228571,41.23563025,54.61270588,30.41989916,77.32598319,28.25626891,33.34104202,32.58272269,12.79058824,35.10695798,43.79616807,50.6097479,62.18379832,77.28887395,34.42285714,80.17290756,46.681008399999996,67.55415126,48.84383193,85.58117647
64.97408955,39.48179104,30.39546269,36.92059701,59.21122388,39.48179104,71.05719403,40.12226866,36.47856716,37.88131343,24.63259701,36.92059701,55.36907463,31.47797015,79.06173134,35.63964179,42.88191045,30.19694328,16.3078209,31.47797015,49.60620896,58.69253731,56.96955224,81.74471642,36.79880597,81.42447761,47.68477612,74.38065672,46.4038209,90.38973134
67.32304225,36.36304225,29.55650704,39.38440563,60.97825352,38.17588732,73.66783099,36.96736901,35.90129577,40.29079437,21.70073239,41.49904225,58.56135211,27.29901972,80.31481690000001,29.41399437,38.31819718,29.71612394,14.14715493,36.36304225,50.10185915,55.39740845,70.64653521,70.50456338,34.69250704,76.24495775,51.00777465,69.90016901,52.21656338,80.17284507
66.81140119999999,37.04967665,28.78965269,36.2788024,60.13164072,37.56359281,72.20637126,37.82055089999999,35.72579641,37.30663473,23.39468263,36.53576048,59.6182994,31.14079042,78.11525749,27.80108263,38.03784431,29.59961677,18.77001198,26.25967904,48.82778443,52.72067066,60.90251497,73.27329341,33.92766467,72.24546108,48.31444311,68.13528144,48.19602395,77.65135329
62.76970213,35.51509787,30.51574468,37.03645957,56.98791489,35.81937021,68.24646809,35.81937021,35.99319149,37.03645957,24.43029787,38.25354894,53.03217021,28.51669787,74.36663829999999,28.19193191,36.60119149,30.95094468,18.32919149,33.99128511,47.55540426,52.85889362,60.33497872,72.63727659999999,37.51421277,73.85395745,48.16408511,68.07285106,48.16408511,79.02706383
64.68072727,34.98589091,29.57818182,34.33585455,59.80509091,35.31090909,71.18109091,35.63592727,35.10327273,35.96094545,23.07781818,34.98589091,54.93018182,26.53527273,78.00654545,28.16036364,44.52945455,26.21025455,14.62690909,28.16036364,49.72945455,58.71272727,58.50545455,77.88872727,36.07854545,78.53890909,49.40436364,73.01381818,48.10472727,87.64
66.94974359,38.5534359,26.98010256,40.75323077,59.61600000000001,38.91938462,73.91671795,38.91938462,32.48082051,40.75323077,18.91282051,43.31979487,55.21558974,32.31917949,79.78420513,30.11938462,36.51446154,33.41948718,14.14564103,34.15302564,45.23979487,51.95158974,62.18256410000001,79.98933333,35.04738462,81.45641026,47.51507692,69.35548718,48.98215385,89.52369231
63.85993443,35.83895082,31.27239344,36.54226885,57.06072131,37.48002623,69.69337705,35.55021639,37.83659016,38.18334426,25.41114754,37.24558689,53.07540984,29.27454426,77.45731148,28.57117377,40.16262295,30.77125246,16.73652459,28.57117377,46.74570492,57.40747541,64.56340984,69.12996721,33.85127869,71.47436066,47.44865574,69.12996721,47.68314754,77.33560656
65.82740426,39.98638298,28.09668085,41.50740426,58.22025532,42.42042553,73.43387234,41.81174468,34.48646809,43.63778723,20.49021277,43.63778723,55.48187234,32.98791489,78.3026383,33.29225532,35.39948936,32.68357447,15.92578723,36.33497872,46.35370213,52.1572766,66.43608511,81.67217021,30.22706383,82.58519149,46.65804255,72.23965957,46.96170213,82.58519149
65.2107907,37.19233488,32.95032558,36.19460465,60.22176744,37.52498605,71.52967442,37.52498605,38.60390698,37.19233488,25.96539535,36.85975814,54.90009302,29.54299535,77.84855814,32.86876279,43.59293023,28.87784186,21.578418600000003,29.90868837,48.91386047,54.1544186,58.55851163,76.10418605,35.94344186,75.43962791,47.25134884,68.1227907,46.91869767,86.74753488
65.81305263,38.37473684,30.06063158,36.11671579,61.29684211,39.12741053,72.21052632,39.12741053,36.45810526,37.24572632,23.66231579,37.24572632,56.40421053,31.22425263,79.81221053,33.65170526,39.42736842,30.65633684,16.88842105,28.21347368,47.72294737,50.52707368,59.41473684,77.51410526,32.69473684,76.76210526,46.24336842,68.85894737,46.61978947,85.04168421
64.54005195,35.15968831,29.99501299,36.83121039,58.96831169,35.71686234,69.83376623,35.43827532,36.12405195,37.38838442,24.14462338,37.66703377,55.90379221,30.42364675,75.96218182,29.30923636,36.95937662,31.81658182,16.93402597,32.86136104,49.3358961,56.92737662,60.64020779,76.94836364,37.79532468,77.50566234,49.21745455,72.49122078,48.93880519,83.0774026
65.85076364,35.962559999999996,30.35781818,35.962559999999996,60.78021818,37.13262545,72.87098182,36.35258182,35.03825455,37.13262545,24.89803636,37.13262545,54.96174545,27.89847273,79.89207273,30.50216727,38.93847273,28.55205818,17.01556364,29.66286545,49.85978182,50.00360727,64.68043636,72.62487273,35.42836364,73.40509091,49.9392,67.28116364,50.24989091,79.25585455
64.57123404,35.57548936,30.79625532,38.92248511,58.79012766,35.57548936,70.35234043,35.57548936,36.88170213,38.00966809,24.71080851,40.44391489,55.74740426,27.96854468,74.61242553,27.05565957,37.49038298,30.70699574,20.12595745,31.90883404,48.74893617,47.44231489,61.22417021,66.91608511,37.18604255,69.04578723,48.74893617,59.613276600000006,50.26995745,72.69719149
63.0267907,35.55259535,31.59795349,36.30089302,57.78865116,36.30089302,69.01339535,36.05146047,37.33451163,37.049190700000004,25.36186047,36.05146047,52.55051163,28.81780465,76.74586047,28.81780465,39.57990698,28.81780465,16.88093023,27.57058605,45.06753488,57.25339535,62.77730233,69.97506977,32.59534884,69.97506977,46.56390698,67.23125581,46.81339535,76.46009302
67.21779512,31.70266537,28.50029268,32.74906537,60.73006829,32.74906537,73.49619512,32.95834537,33.94185366,33.37690537,21.593912200000002,33.79546537,58.0092878,26.05201171,79.98392195,25.63340488,35.40667317,26.47057171,14.68753171,26.05201171,48.38212683,52.42161951,59.68343415,72.72210732,33.94185366,73.97806829,48.1728,71.04796098,47.75414634,81.09377561
64.2948,36.48552,30.5082,39.1668,58.6632,38.0946,70.4616,37.28994,36.6756,39.7032,23.5368,41.0442,56.7864,27.100440000000003,75.825,29.513759999999998,37.7484,29.7819,18.1734,33.26778,51.1692,53.3544,66.708,70.0038,36.1392,73.2216,50.8872,67.0542,51.4236,76.9752
64.78506667,40.63075556,29.82684444,38.4064,59.06488889,41.90222222,70.82311111,41.90222222,35.54702222,39.35928889,24.42453333,38.72426667,56.64497778,32.59591111,78.45048889,37.77066667,43.81013333,31.41475556,16.16142222,33.00337778,47.94168889,59.38133333,57.79342222,81.62702222,34.912,81.30915556,47.30595556,74.63537778,46.67022222,90.84373333
63.7794958,35.53129412,29.16786555,35.89189916,58.01062185,35.89189916,69.54756303,35.89189916,35.29734454,35.89189916,24.48161345,37.69411765,56.20759664,27.95995966,75.31643697,26.87838655,35.29734454,29.04153277,17.2622521,29.88931765,45.75247059,42.74178151,60.53405042,68.69969748,33.13371429,69.78151261,46.11307563,60.40739496,46.83428571,75.18978151
64.72090141,35.48349296,29.97498592,38.50485634,57.62974648,36.03028732,69.85690141,35.18136338,36.31977465,37.90059718,24.53678873,40.01550423,57.16732394,27.93011831,74.69138028,25.81514366,36.92416901,30.64935211,19.1148169,31.55803944,47.80123944,47.266749299999994,62.60552113,70.22873239,38.13295775,72.64630986,49.36428169,64.7736338,50.35673239,76.87639437
66.23210959,39.02728767,31.26312329,39.61512329,59.76723288,40.2029589,73.87265753,40.79079452,37.43408219,41.08405479,24.50432877,40.79079452,57.12263014,30.79956164,77.3990137,31.68065753,38.31583562,31.38739726,18.62728767,32.56241096,48.01315068,55.77731507,63.88142466,80.16723288,32.14487671,79.57939726,47.42531507,73.99627397,47.13139726,82.81183562
65.49146853,39.9406993,28.88928671,37.84078322,59.49113287,41.14103497,72.09197203,40.84095105,34.28945455,38.74103497,22.88895105,38.14086713,56.79104895,30.940195799999998,80.49297902,33.94036364,38.48995804,29.14036364,15.98836364,30.64011189,46.82853147,62.69202797,60.69146853,84.64447552,34.88962238,84.34439161,46.89029371,79.84380420000001,47.49046154,91.84447552
64.63036364,37.94018182,31.47763636,36.47781818,59.26745455,38.42781818,69.99327273,38.67163636,37.32818182,37.69636364,25.62763636,36.47781818,54.87981818,27.21447273,79.5,30.38345455,39.76581818,26.72694545,15.87654545,27.701999999999998,47.07927273,57.44181818,61.46127273,76.45581818,31.47763636,76.69963636,47.07927273,69.38618182,47.32254545,89.37545455
67.25499497,37.52972864,27.80140704,40.5481809,59.06267337,38.6079196,75.447799,39.25483417,35.34729648,40.33254271,19.82472362,43.13535678,57.55320603,23.08534673,81.05294472,30.1999598,34.48474372,25.24124623,12.71011055,34.94255276,48.49833166,49.60305528,67.25499497,76.983799,34.05346734,79.35485427,49.36088442,65.77254271,50.86986935,87.11638191
66.60526829,38.76526829,29.631999999999998,38.0675122,60.67590244,39.81190244,72.88429268,39.46302439,35.91102439,39.46302439,22.30712195,39.11414634,54.39765854,32.48702439,80.55804878,35.62614634,42.53814634,30.393756099999997,14.63336585,33.18478049,48.4675122,58.99629268,61.72253659,84.11004878,35.56214634,83.76117073,48.4675122,76.43629268,48.81639024,93.17931707
66.23046358,38.28619868,30.14654305,38.00201325,59.6954702,39.422940399999995,72.76545695,39.70712583,36.96572185,39.70712583,23.04317881,39.13875497,57.13843709,29.19417219,79.30045033,32.31957616,39.52275497,28.62580132,17.07655629,31.18283444,49.75088742,57.32280795,62.53668874,76.35941722,34.40805298,76.07523179,48.61478146,69.82442384,48.89896689,87.15592053
63.59751724,34.688606899999996,28.09158621,35.42830345,56.94041379,35.05845517,68.77572414,35.42830345,33.63972414,35.42830345,22.54344828,37.277793100000004,53.81462069,26.51081379,75.43282759,26.55177931,38.89655172,27.01357241,15.114206900000001,29.54035862,45.84496552,43.56496552,59.52910345,69.82510345,31.79006897,71.67393103,45.84496552,62.79724138,46.583999999999996,75.74234483
66.95178947,35.02736842,29.69368421,33.05178947,60.45978947,35.87431579,72.31452632,36.72126316,35.33873684,35.02736842,23.20168421,32.76947368,59.61284211,28.25368421,79.65347368,30.22926316,40.70210526,26.84210526,18.12126316,27.40673684,47.75810526,55.91494737,58.20189474,73.97936842,31.95157895,72.85010526,45.78252632,67.48736842,46.06484211,81.03536842
66.3492,36.6216,30.15,35.2806,59.9136,37.4256,73.3212,37.961999999999996,36.8532,36.6216,24.2508,36.6216,60.1818,25.6272,78.684,28.845,36.7998,25.1118,17.0106,30.7224,49.7244,51.3696,64.4724,72.5526,31.7586,71.7486,49.188,64.2402,49.4562,80.3292
66.27942857,32.31685714,28.73914286,34.61485714,60.91628571,33.84942857,72.408,33.46628571,35.25085714,34.23257143,22.60971429,36.14742857,55.55142857,23.09657143,79.30285714,25.03868571,40.614000000000004,23.50645714,12.64971429,29.2524,51.33942857,51.08742857,63.21428571,73.30457143,39.08142857,73.30457143,50.95628571,67.55914286,50.95628571,83.64771429
68.152,37.30133333,27.631999999999998,36.90488889,61.79555556,37.69866667,75.69955556,38.096,33.59111111,37.30133333,20.87911111,38.096,57.02933333,31.74044444,82.056,30.54844444,37.56355556,30.94577778,14.52266667,29.35644444,49.47733333,60.13155556,63.78222222,77.02666667,33.19377778,77.82133333,48.68622222,73.05422222,49.08355556,89.34133333
66.04032,36.190016,28.92672,35.902336,59.13536,37.340864,72.08192,36.765440000000005,35.25632,36.190016,22.88512,36.477759999999996,57.121280000000006,31.299135999999997,78.98688,29.285248,35.25632,31.586879999999997,14.82944,30.723776,45.32608,59.493759999999995,59.710719999999995,80.78336,36.119679999999995,80.49600000000001,47.287040000000005,76.27008000000001,47.627520000000004,89.4144
67.54338462,35.952,29.3549011,34.30206593,60.70734066,36.89512088,74.61573626,37.60246154,35.95569231,36.42356044,22.99041758,35.71621978,59.29318681,28.6443956,78.85872527,30.76589011,40.19868132,28.40861538,17.09696703,27.93705495,47.27050549,53.39604396,60.0,76.02672527,31.24114286,76.02672527,47.03472527,69.19015385,46.09213187,86.39894505
65.81991946,34.68628188,28.96300671,34.39828188,58.62120805,35.55028188,72.44198658,35.83828188,36.26287248,35.17208054,20.9009396,35.83828188,59.31640268,24.07216107,79.92869799,28.92757047,36.44971812,23.16885906,14.27822819,29.79157047,48.63656376,49.66743624,64.66791946,71.54255034,30.40300671,71.54255034,48.25514094,65.49583893,48.25514094,79.02926175
63.2,38.58185366,26.9244878,41.023999999999994,58.66614634,38.93073171,71.22263415,38.58185366,32.5057561,39.97736585,21.344,42.07063415,55.17814634,30.56,77.15278049,29.862243900000003,34.5982439,33.00136585,14.36721951,34.39687805,44.71336585,49.74439024,61.45639024,75.90478049,34.24936585,77.99726829,46.10887805,67.53326829,48.20136585,83.92741463
67.25831111,37.22986667,26.98026667,36.27086222,60.22542222,37.54951111,74.2912,37.54951111,34.33315556,36.59050667,20.58737778,36.27086222,57.34897778,29.87754667,81.64337778,31.15619556,35.93102222,31.15619556,12.27591111,30.19719111,44.88177778,62.16391111,57.02897778,86.77831111,36.25102222,87.0976,45.20177778,79.10613333,,
64.83526531,40.73273469,28.13910204,37.21012245,58.964244900000004,41.31983673,71.88114286,42.20081633,34.01077551,38.67755102,21.68032653,37.50334694,58.67036735,31.92555102,80.39444898,35.15493878,39.58857143,29.87036735,15.80930612,28.69616327,46.04669388,63.63102041,56.32195918,85.06187755,33.12979592,84.76865306,45.75346939,80.07118367,46.04669388,93.86906122
65.66474419,39.07586977,32.07367442,36.74775814,60.0104186,39.07586977,71.31832558,39.40844651,36.39739535,37.74548837,24.42418605,36.4151814,56.352,31.42645581,78.28762791,31.74779535,39.01990698,30.38295814,19.10325581,25.10734884,48.41897674,53.63944186,62.00632558,74.66195349,33.40427907,74.32930233,47.70530233,69.00837209,46.70734884,85.30455814
64.76381538,37.41636923,27.47150769,39.39618462,58.49353846,37.74646154,70.04455385,37.74646154,33.41169231,39.06683077,22.85095385,40.38646154,55.19335385,30.15581538,75.98473846,29.16553846,35.39150769,31.14609231,15.5904,33.78609231,46.61243077,49.95766154,61.79372308,74.37932308,35.06215385,75.36886154,47.60270769,66.12849231,48.92307692,82.29932308
64.87092994,35.32983439,27.97941401,33.14384713,58.58568153,36.14980892,70.33620382,36.69584713,33.99133758,34.50985987,21.42145223,32.87052229,57.76570701,28.77126115,76.89477707,28.77126115,37.54394904,27.40524841,16.50221656,27.67796178,45.76998726,54.72733758,58.85900637,70.58140127,29.61936306,68.94206369,44.92249682,67.30211465,44.37584713,78.23266242
63.12068571,35.46548571,29.41097143,38.83645714,56.99177143,35.77193143,68.94377143,35.159040000000005,35.23405714,38.53001143,23.58857143,40.98164571,55.15337143,27.80420571,72.92708571,26.27197714,35.54057143,30.56228571,18.99222857,31.48162286,45.65348571,45.27195429,63.73371429,67.64297143,34.92754286,70.70742857,47.49188571,62.12708571,48.71794286,70.0944
64.77769014,36.07274366,30.9383662,39.39623662,59.03729577,36.67707042,70.51808451,36.07274366,36.98095775,38.79197746,25.19797183,41.51121127,56.61971831,28.51936901,74.74816901,27.00872113,36.37656338,31.54073239,19.71921127,33.04969014,49.25814085,48.06104789,62.66230986,67.49476056,37.887549299999996,69.60946479,48.76461972,59.9411831,49.67053521,74.14174648
65.54810811,37.48756757,29.60259459,36.32778378,59.36345946,37.87416216,71.34616216,37.87416216,35.78637838,37.10097297,23.80454054,37.10097297,57.04475676,30.144000000000002,78.30313514,30.91632432,40.03805405,27.43783784,15.68778378,28.59762162,48.928000000000004,54.49427027,57.43135135,74.59286486,34.62659459,73.81967568,46.99502703,67.63589189,45.83610811,83.09621622
66.64515254,38.26909831,29.19620339,36.08753898,61.55552542,38.63267797,72.82657627,38.99625763,34.64949153,36.08753898,23.01477966,36.08753898,58.28257627,29.54302373,80.36257627,30.26383729,40.11010169,30.23088814,17.19783051,26.27072542,50.31945763,52.18258983,60.82820339,80.08108475,33.19566102,78.26359322,48.10250847,70.992,46.28420339,89.17098305
64.51022222,36.47051852,29.552,34.61688889,58.15407407,36.73540741,70.0717037,37.79496296,35.11348148,36.20562963,23.99051852,35.67644444,57.62488889,28.26074074,75.63318519,30.37925926,39.08622222,27.99585185,18.69392593,28.79051852,47.82992593,55.34696296,56.56533333,73.54725926,34.31940741,73.01807407,46.85392593,68.6162963,45.37125926,80.37688889
65.65703226,38.54864516,30.71225806,39.93212903,59.77548387,38.89470968,71.19329032,38.89470968,36.24774194,39.93212903,23.79251613,41.31638710000001,58.39122581,33.70451613,78.45909677,31.97419355,38.32412903,34.05058065,15.43122581,34.76593548,48.011612899999996,54.11845161,67.73341935,66.91974194,32.78787097,70.72567742,49.39587097,64.49806452,50.43406452,73.83948387
64.79828571,34.92,30.32228571,35.94171429,59.43542857,36.19714286,71.43771429,36.19714286,36.45142857,36.708,24.19314286,37.21828571,59.18,27.51422857,77.82228571,29.81257143,40.02685714,28.28057143,18.57485714,30.57885714,48.96457143,49.98742857,64.032,68.37428571,33.89771429,69.90685714,50.24171429,66.07600000000001,50.24171429,73.73714286
64.83712,34.638784,32.23104,38.929088,59.40288,35.210815999999994,70.27136,34.066752,37.09312,37.212992,26.51008,40.073215999999995,57.400319999999994,26.916224,74.27584,25.486144,38.80896,29.490432000000002,22.79232,30.920512,47.676159999999996,44.36352,67.4112,66.67328,37.3792,70.39168000000001,50.8224,62.38271999999999,51.39392,70.9632
65.57131034,34.72551724,28.95558621,35.83448276,58.17434483,35.83448276,71.48937931,35.46537931,36.35255172,35.83448276,23.40827586,36.94427586,59.088,26.78184828,80.1897931,28.65318621,38.59862069,28.325793100000006,16.01131034,29.91715862,47.07889655,43.6022069,62.24275862,70.23144828,33.024,71.34124138,47.07889655,60.24496552,47.44882759,73.56
65.22569697,36.71893333,30.12266667,35.85221818,60.45866667,36.28557576,71.29212121,37.15229091,37.05309091,36.437430299999995,24.92218182,36.71893333,55.46472727,29.13066667,79.09333333,30.6518303,40.09018182,28.9184,16.2550303,30.6518303,49.62424242,49.71985455,61.75806061,73.98787879,37.92387879,73.98787879,49.19078788,66.62109091,49.62424242,81.78909091
67.91815385,39.49569231,29.55230769,36.19550769,61.72984615,40.32083077,74.10553846,41.14587692,35.74061538,37.43307692,22.95230769,36.19550769,58.01723077,32.89523077,81.11907692,33.30775385,38.21538462,30.42009231,18.00184615,28.76990769,48.11630769,56.40923077,59.66676923,78.27323077,31.20276923,75.38584615,46.46584615,71.26061538,44.81630769,86.52461538
66.21784615,37.78892308,28.54030769,36.68861538,59.61784615,38.064,71.44369231,38.61353846,34.86584615,37.51384615,23.31507692,37.51384615,56.86769231,29.53809231,77.928,28.02264615,38.16615385,29.26307692,18.08984615,27.61298462,47.24184615,49.61476923,61.26769231,73.26646154,32.11569231,72.99138462,46.40246154,66.78092308,46.96676923,81.24184615
66.00590769,37.36379077,29.04295385,35.71369846,60.39507692,39.01366154,73.26646154,39.67384615,35.31323077,36.70375385,21.12221538,36.37373538,57.42498462,29.77329231,79.86683077,31.09336615,37.62387692,28.45314462,15.51212308,27.79310769,46.20406154,54.52504615,60.72516923,80.92726154,31.68295385,78.94670769,46.20406154,73.9968,45.87396923,85.54707692
64.54262069,39.15583448,28.66675862,38.04628966,58.99531034,39.15583448,72.31034483,39.89553103,34.58482759,38.78598621,22.00965517,38.41613793,53.07724138,31.019006899999997,77.85765517,33.60802759,41.61186207,29.90946207,14.24275862,32.12863448,48.80358621,57.32722759,58.62537931,82.79834483,31.626206899999996,81.31944828,46.42013793,74.66151724,45.31034483,92.04496552
64.64891803,37.33479344,29.48222951,36.98313443,58.67016393,38.38977049,71.47042623,37.91102951,36.86714754,38.03811148,23.50347541,37.68645246,53.04393443,30.65319344,78.01180328,31.70817049,42.14163934,29.94987541,17.17377049,29.59821639,48.12039344,59.13836066,58.67016393,77.77652459,34.40498361,77.77652459,48.12039344,72.5012459,47.06518033,85.51318033
66.976,36.32853333,30.57357576,36.76189091,60.90860606,37.62870303,73.04339394,37.19524848,36.20654545,37.62870303,24.93963636,37.62870303,55.85939394,33.93289697,77.36145455,30.1673697,37.94036364,31.12814545,17.53309091,32.87621818,52.35684848,56.80853333,64.37527273,72.73115152,34.47369697,74.03151515,51.06424242,70.31854545,50.50763636,82.26521212
66.74519149,36.126638299999996,28.48680851,35.82059574,59.09310638,37.35094468,72.56034043,37.35094468,35.83251064,36.43274894,22.67165957,35.82059574,52.97225532,29.69933617,79.90604255,28.78114043,36.13889362,30.61753191,15.938723399999999,29.08718298,46.2386383,59.38723404,60.01157447,81.73004255,35.83251064,80.81157447,47.15710638,75.91489362,47.15710638,91.83046809
65.97104762,38.94095238,28.85638095,36.55771429,59.84228571,39.96266667,73.12152381,40.64380952,35.66628571,37.92,22.72761905,36.55771429,55.41561905,31.44990476,81.29371429,35.19542857,42.47619048,29.06659048,13.19314286,31.79047619,47.583999999999996,61.41409524,58.82057143,84.56838095,34.3047619,83.88723809999999,47.24342857,76.39619048,46.90285714,94.10209524
65.73032727,35.24421818,27.8976,36.80465455,59.49032727,35.63432727,72.75141818,35.63432727,35.69803636,36.02443636,22.82705455,38.36509091,57.41061818,27.21303273,80.07185455,28.29783273,34.52858182,29.00421818,15.20029091,31.09474909,47.00945455,44.9952,64.17076364,71.51738182,31.79781818,73.85716364,48.17890909,61.7664,48.95912727,75.02749091
67.96951181,37.66752756,29.4583937,35.97868346,61.21322835,39.01908661,77.76680315,40.37064567,35.53889764,37.32963779999999,22.02633071,36.65461417,60.14059843,27.72291024,82.8336378,31.24920945,36.95319685,27.43732913,14.93215748,28.20888189,48.71433071,53.54532283,62.56478739999999,78.54387402,35.8767874,78.88176378,47.36277165,70.4360315,47.36277165,85.97593701
63.58857143,35.87454694,30.31640816,39.66870204,57.751510200000006,36.45825306,69.71755102,35.87454694,37.02922449,38.20943673,25.06318367,41.12796735,56.29191837,28.86994286,73.21991837,27.11882449,37.61306122,32.08039184,20.97697959,33.24780408,48.40032653,48.54589388,60.96195918,69.14612245,39.65583673,71.18955102,49.87102041,64.18481633,50.74677551,74.98383673
66.56268387,35.94983226,30.30255484,35.11927742,59.3664,36.50353548,72.09909677,35.94983226,36.11581935,35.3960671,24.21367742,35.11927742,57.98214194,31.79773935,79.57223226,29.02984258,36.94575484,31.79773935,16.46307097,28.753052899999997,46.59220645,59.29269677,58.81269677,79.95994839,38.33001289999999,78.85254194,48.29419355,74.97785806,48.01796129,86.32629677
64.39972881,39.14033898,29.13111864,38.05016949,58.94562712,39.14033898,72.03498305,40.23132203,35.31254237,39.14033898,22.95050847,38.77667797,53.85518644,31.14142373,78.21559322,32.5960678,42.22047458,28.96010847,14.5879322,32.5960678,48.35064407,57.42345763,59.30928814,80.58955932,36.03986441,81.31688136,48.76474576,73.68162712,48.40189831,89.31579661
64.41062937,33.66397762,29.90836364,37.56426294,57.45365035,34.49474685,70.11088112,33.96399441,35.908699299999995,36.66421259,24.50752448,39.06434685,56.61046154,26.76345734,73.71121678,25.56339021,37.10903497,29.16365874,19.64979021,30.88722797,47.60928671,44.7648,62.01062937,68.16671329,37.40844755,71.16688112,48.50953846,60.36587413,50.30937063,75.0673007
65.18643038,37.50379747,30.70116456,39.40496203,59.21255696,39.40496203,71.97508861,37.77539241,37.48921519,40.76232911,23.09772152,40.76232911,58.72465823,30.14977215,77.67736709,30.98697722,38.03240506,30.98697722,16.85225316,34.51698228,51.06653165,57.32597468,66.27281013,71.71807595,34.23068354,73.07544304,50.52334177,70.36010127,50.79493671,79.59250633
64.84307692,35.41692308,29.36553846,37.61710769,59.34276923,36.51698462,71.44369231,35.96695385,36.24061538,38.16713846,23.04,39.2672,57.14215385,25.7912,78.04369231,29.64147692,37.34092308,27.71636923,15.61415385,33.76683077,50.26707692,52.46830769,65.39323077,70.61969231,34.31569231,72.54461538,49.71692308,66.76923077,49.71692308,79.14523077
68.77039572,38.26293048,27.47294118,38.26293048,59.268449200000006,38.62793583,77.9073369,41.18656684,35.5133262,38.26293048,18.70151872,40.45552941,55.613775399999994,30.58791016,83.38909091,31.31884492,40.76611765,30.25108877,14.31632086,30.95337754,46.84235294,50.32299465,65.48124064,78.82934759,29.30002139,78.82934759,46.84235294,73.34759358,46.84235294,88.69681283
66.288,35.67051852,29.47614815,36.2002963,60.41540741,36.41896296,72.64414815,36.46518519,35.832296299999996,37.25985185,23.38488889,37.52474074,58.34311111,27.4608,78.73540741,28.52017778,39.27525926,28.52017778,17.55851852,30.63881481,48.27911111,51.56088889,63.6397037,73.01214815,35.832296299999996,73.80681481,50.66311111,66.12681481,50.39822222,81.75170370000001
66.31117241,36.46841379,29.32551724,37.20827586,59.65406897,36.46841379,73.70813793,36.46841379,35.98344828,37.20827586,24.14813793,38.68717241,57.42537931,28.67611034,79.25627586,28.33158621,35.98344828,30.18082759,16.39862069,30.90537931,48.18868966,47.19393103,64.83144828,71.23448276,33.024,72.71420690000001,48.18868966,64.20744828,48.92772414,73.824
68.5498022,37.53436484,26.86892308,37.53436484,59.53793407,37.53436484,76.43551648,40.16281319,37.00747253,38.28538022,18.60764835,40.16281319,53.85125275,32.32056264,80.19059341,31.52629451,41.17767033,31.31108571,14.37257143,31.13839121,47.67138462,53.86549451,65.92140659,76.96246154,30.99956044,78.4647033,47.89714286,73.58294505,47.14602198,87.10101099
66.39101754,38.86821053,30.51284211,39.36999298,59.36617544,38.61726316,71.65978947,39.36999298,36.53445614,39.62088421,23.98989474,39.62088421,55.85347368,32.59581754,77.17950877,30.33774035,37.53824561,32.59581754,18.64477193,30.32123509,47.071999999999996,55.67831579,61.62414035,73.49164912,35.2797193,73.74259649,47.57389474,71.23368421,47.32294737,80.26610526
64.09531915,35.90706383,31.23370213,36.81988085,57.70570213,37.50449362,70.26076596,35.80294468,37.62331915,37.73269787,25.75659574,36.5916766,53.82638298,28.14796596,78.70110638,28.83257872,39.89565957,29.43763404,16.62842553,28.14796596,45.38246809,58.728,65.23659574,68.54093617,32.14621277,70.36646809,46.97974468,67.85617021,46.97974468,77.66910638
64.67835616,34.97398356,31.76679452,33.79857534,59.09523288,35.56168767,69.67430137,36.44330959,36.46816438,34.38627945,26.77084932,34.38627945,57.91956164,30.27228493,75.25742466,29.97843288,40.28843836,30.27228493,20.89380822,29.39072877,47.04723288,53.781041099999996,55.56887671,70.23715068,35.29249315,69.35539726,46.16547945,64.94728767,45.87156164,76.11419178
65.41780645,36.38663226,31.51045161,36.38663226,59.88232258,37.42459355,72.33754839,37.42459355,38.77625806,37.07860645,24.93677419,37.07860645,55.38425806,29.466812899999997,79.25806452,31.19674839,44.31251613,29.466812899999997,18.36309677,30.50477419,50.19406452,58.18451613,60.57445161,77.55948387,39.12232258,77.90554839,49.15664516,73.06219355,49.15664516,85.86348387
66.95362238,34.99770629,28.55093706,35.89795804,60.35311888,36.49812587,73.85420979,36.49812587,36.65118881,37.09829371,21.35026573,37.69846154,58.25253147,23.59713566,81.05420979,28.09779021,36.92911888,25.15871329,13.84951049,30.79787413,49.56083916,53.03093706,68.15328671,71.30047552,28.85034965,72.50081119,49.8521958,67.40005594,50.58797203,80.94545455
67.67424,35.35776,27.77376,35.78688,61.2384,37.07424,74.53824,37.50336,34.63872,36.64512,21.767039999999998,37.50336,58.664640000000006,27.63552,80.11584,28.06464,33.35136,27.206496,16.1904,27.63552,48.36768,54.2352,63.38399999999999,76.97376,35.067840000000004,76.5456,47.938559999999995,71.39712,49.22592,83.4096
63.861000000000004,35.94615,31.68375,37.6221,59.16825,36.616575,69.89475,35.610975,36.3765,37.6221,24.4635,39.345375,55.14675,28.572225,73.6875,25.70865,35.37075,30.91845,18.10725,34.34925,48.77775,53.37555,63.861000000000004,72.816,38.7225,74.49225,50.3025,68.89275,51.1245,84.5475
65.21073418,36.69205063,30.45326582,36.69205063,58.42207595,37.77843038,71.45559494,37.50683544,36.69873418,37.77843038,23.39362025,37.77843038,55.1635443,26.64546835,77.97265823,30.98977215,38.87088608,26.916455699999997,17.41974684,29.90339241,48.64648101,52.71311392,63.30956962,71.17731646,32.35443038,71.17731646,48.64648101,67.10460759,49.18967089,76.60860759
65.23911111,38.08296296,32.13511111,39.93718519,58.88296296,39.6722963,71.33037037,38.87762963,37.4317037,40.73185185,25.24918519,40.73185185,54.38103704,31.19762963,75.03822222,31.46251852,36.90192593,31.46251852,19.42281481,34.11081481,47.23022222,54.50311111,63.38548148,76.74903704,33.45896296,78.33777778,48.02488889,73.04118519,48.28977778,80.192
64.63718919,35.24763243,28.98097297,36.11734054,59.12951351,36.11734054,71.30464865,36.11734054,35.06854054,36.6971027,21.73362162,36.98698378,57.96972973,26.55107027,77.10227027,28.87018378,37.96735135,28.00047568,15.936,30.60947027,47.53362162,50.61145946,61.44843243,72.35286486,33.03956757,72.93275676,48.11351351,65.68540541,47.82356757,80.76
64.49446957,37.11760696,28.30664348,35.62534957,58.52577391,37.86373565,70.464,38.23688348,35.39478261,37.11760696,21.9648,35.99841391,55.16744348,29.65623652,76.43269565,30.40236522,36.51422609,29.65623652,14.87582609,28.91010783,46.2144,53.53277217,57.77947826,76.28994783,33.90302609,75.54365217,45.09495652,69.57495652,44.721808700000004,85.61697391
68.04313043,37.51853913,28.24904348,37.20765217,59.96034783,38.14031304,74.26086957,37.82942609,34.77773913,37.51853913,21.72034783,37.51853913,57.78365217,29.12445217,82.34434783,29.12445217,36.33252174,30.05711304,13.32591304,31.30066087,46.59130435,58.97043478,59.02747826,84.46330435,36.02156522,84.15234783,48.14608696,77.00173913,47.83513043,93.78991304
63.88554745,35.16606131,31.00379562,36.73191241,57.93564964,36.73191241,69.20969343,35.16606131,37.26691971,37.35822482,25.68035037,37.35822482,56.0569927,29.52917956,74.93115328,26.66901022,36.95369343,31.40818686,19.45927007,32.1208292,49.80227737,55.07085547,60.75398539999999,71.80589781,36.32724088,72.43235037,48.540963500000004,67.42143066,49.16741606,78.38224818
66.73324138,37.78200591,29.53631527,39.47278818,59.54742857,39.68413005,73.91905419,38.62742069,36.72212808,40.31815567,22.77328079,40.52949754,56.37753695,26.36935567,83.00689655,29.75087291,38.62415764,27.63745419,13.263132999999998,30.80762956,46.65552709,57.64870936,67.79018719,78.99428571,31.22742857,80.26262069,48.34616749,72.65402956,48.55755665,89.13907389
63.62641148,35.43727464,32.83475598,35.84796172,57.67349282,36.66878469,68.75850718,36.0532823,38.5828134,37.07942584,27.49779904,36.46346411,54.59919617,28.50703923,76.559311,27.43142584,39.81427751,28.25257033,18.67085167,27.02087656,46.58847847,57.40202871,63.83173206,67.25557895,33.04007656,67.66576077,47.40976077,65.61301435,47.82040191,76.28784689
65.31384971,38.92711214,32.33091329,37.93514913,59.11435838,40.16684393,71.26584971,39.42326012,38.03431214,38.92711214,26.37891329,37.93514913,57.37803468,30.24732486,79.94580347,32.23125087,40.416,29.80805549,17.20286705,29.999334100000002,47.70645087,58.51893642,63.82612717,74.14252023,30.84263584,73.64642775,47.45840462,68.68661272,47.32689017,83.73475145
68.46222222,37.51742222,28.33955556,37.91466667,61.70844444,37.91466667,76.40711111,37.91466667,34.696,38.70915556,20.791999999999998,38.70915556,58.13333333,26.3944,82.76355556,31.95591111,33.10666667,24.01093333,14.83288889,29.96968889,47.408,57.38,67.66755556,74.85866667,31.91466667,75.256,49.39377778,70.48888889,47.80533333,88.36533333
64.84947692,35.91950769,29.53698462,37.23987692,58.90855385,38.55950769,70.12947692,36.90978462,35.14707692,39.21969231,22.60652308,38.55950769,49.99827692,27.00900923,78.05021538,29.31913846,36.98289231,26.24676923,13.69550769,33.27950769,42.40763077,56.05144615,64.51938462,80.14301538,30.85661538,79.81292308,44.71753846,75.19236923,45.04763077,83.77329231
64.40787692,34.752959999999995,30.08566154,34.42294154,59.12787692,35.08297846,70.67889231,35.08297846,36.02584615,35.74301538,24.14547692,35.74301538,55.16750769,28.15244308,77.60935385,29.80253538,39.98621538,27.49240615,19.23987692,27.31990154,48.56713846,50.26412308,62.42806154,71.05550769,36.02584615,71.71569231,47.90695385,65.77550769,47.57686154,77.98596923
65.25394286,34.63419429,30.93188571,38.31161143,58.81851429,35.85997714,71.07634286,35.55353143,36.44777143,37.69865143,25.1088,40.15028571,57.28662857,28.19869714,76.58605714,26.40130286,37.0608,30.34388571,19.2864,33.40834286,48.39908571,47.1984,61.57645714,69.26331429,38.28617143,72.32777143,49.62514286,63.1344,50.54468571,76.92411429
66.0530087,34.45815652,30.23833043,35.20445217,59.71116522,34.83130435,72.39485217,34.83130435,36.58017391,35.5776,24.2688,36.69704348,58.72612174,27.01189565,79.11067826,26.99695304,36.20702609,28.11622957,16.06121739,30.35461565,47.3997913,43.78518261,64.56041739,69.15422609,33.96897391,70.64598261,48.89154783,59.8272,48.89154783,69.90052174
65.028,37.14514286,29.53085714,34.59142857,59.92057143,36.88971429,72.17885714,38.93257143,35.40457143,35.10228571,23.14628571,36.37885714,55.06857143,26.164,75.49885714,28.20702857,36.93657143,24.63177143,17.27314286,26.41942857,44.08742857,59.10742857,59.40971429,71.87657143,34.12742857,69.06742857,46.13028571,66.00285714,45.61942857,79.53771429
66.22217143,37.60278857,29.03954286,37.80708571,58.78171429,37.91826286,74.5984,37.80708571,37.21142857,38.62445714,21.78011429,38.08425143,55.18994286,27.38774857,82.36205714,28.81787429,39.45874286,26.77485714,12.69531429,28.61357714,47.01805714,55.98994286,66.01782857,76.42011429,29.44822857,76.82834286,46.81371429,69.67817143,46.60937143,87.04365714
65.28278261,38.13147826,28.2866087,37.50956522,58.75408696,38.7533913,71.50052174,39.06434783,34.81530435,38.44243478,22.69008696,38.44243478,53.77947826,30.35895652,79.27234783,31.91373913,41.65495652,28.80486957,13.36347826,31.91373913,47.94017391,60.18156522,59.06434783,82.90017391,36.3693913,82.90017391,47.56173913,76.06052174,46.93982609,92.53773913
67.82577778,35.84682667,28.82702222,33.28952889,61.75217778,36.16654222,76.13724444,37.44519111,36.81848889,35.20753778,22.43342222,33.60917333,60.7936,25.61749333,82.85013333,31.37152,40.33493333,25.61749333,14.44195556,28.17486222,47.36711111,48.95288889,62.07217778,72.60871111,28.82702222,71.01013333,47.36711111,65.25582222,46.08853333,79.64088889
65.292,36.541344,26.893440000000002,36.970368,59.070719999999994,36.755856,71.08368,37.399392,32.89968,36.970368,20.672639999999998,37.399392,55.63871999999999,29.891328,77.94816,29.462304,37.619040000000005,28.389744,14.236992,27.960720000000002,46.8432,56.4912,57.783840000000005,76.87008,32.256479999999996,76.656,45.1272,74.08176,45.1272,83.73456
68.93714286,34.84884898,29.24473469,36.30811429,63.10008163,36.60016327,75.94187755,38.35102041,35.95755102,37.76718367,21.94808163,39.81061224,56.38726531,24.63379592,82.07085714,27.844244899999996,40.62693878,25.80127347,14.65142857,30.47098776,47.339755100000005,54.69518367,62.80816327,77.75216327,31.57942857,78.04408163,45.29697959,68.70465306,47.16146939,88.82416327
65.3127619,35.33340952,31.2632381,37.71695238,59.86514286,36.69546667,71.78285714,35.67398095,37.73257143,37.37645714,25.81485714,39.07893333,56.8007619,28.52342857,76.54933333,27.16144762,36.37028571,30.5664,18.21409524,33.77401905,49.65028571,54.74201905,62.58895238,75.85295238,40.11580952,76.87466667,51.01180952,70.74590476,51.35238095,83.344
65.97305263,37.87166316,28.33852632,36.74265263,60.70399999999999,38.62433684,72.37052632,38.62433684,35.11326316,37.49532632,22.31747368,36.74265263,56.94063158,29.59208421,82.42273684,32.01103158,38.52126316,28.95216842,13.66147368,29.59208421,48.92968421,50.73936842,61.83326316,77.76421053,35.11326316,77.76421053,47.39284211,69.98736842,47.53263158,84.91452632
67.24939806,35.8583301,29.76093204,35.8583301,60.58438835,36.69157282,71.83130097,37.10819417,35.17607767,36.27495146,23.92916505,36.69157282,54.7535534,29.61087379,78.91199999999999,30.02656311,40.591223299999996,28.77763107,15.59860194,29.19425243,48.08854369,53.76932039,58.50221359,73.76341748,35.59269903,72.93017476,47.67192233,66.26516505,47.25530097,84.17615534
64.22082645,39.25130579,29.11814876,38.89666116,59.25659504,39.25130579,70.9574876,39.96059504,35.50095868,39.96059504,23.09077686,39.96059504,52.51993388,31.80535537,79.11272727,34.28707438,41.17368595,30.74142149,15.29018182,34.28707438,47.83894215,58.60442975,58.54809917,81.09064463,36.20945455,81.79993388,48.61963636,73.99933884,48.61963636,88.89123967
65.02199999999999,36.20406,31.236,39.153659999999995,58.8546,37.81296,71.7258,36.7404,38.2074,39.68994,25.0686,40.7628,57.6534,28.539720000000003,76.0158,28.964159999999996,39.012,30.304920000000003,18.0966,35.1315,51.9912,54.7824,67.167,67.845,35.7942,71.0628,51.8826,67.041,51.8826,75.3534
65.96705882,37.97979608,30.63529412,41.34475294,60.07843137,39.1014902,72.69709804,38.26020392,37.08486275,41.34475294,23.62478431,43.02726275,57.83529412,28.16539608,78.30525490000001,30.96947451,37.64580392,30.40865882,16.61490196,37.13857255,51.36627451,56.09223529,69.61254902,71.34870588,35.6825098,75.55513725,51.66619608,69.94698039,52.78807843,78.92015686
66.9282623,35.20786885,29.88642623,34.03540984,60.36406557,36.14583607,73.024,36.84878689,35.98163934,35.67685246,23.32170492,34.97337705,57.55068852,27.70570492,79.82268852,30.28459016,39.73298361,27.00222951,17.2264918,28.17468852,47.46963934,50.68118033,61.770491799999995,72.01521311,29.65193443,71.3122623,47.00065574,65.45101639,46.06268852,79.04891803
66.50496,34.8480768,31.496447999999997,37.250688000000004,59.29728000000001,35.877811200000004,73.026048,35.191372799999996,37.330944,37.250688000000004,25.661184,38.6235648,55.865088,27.983615999999998,77.144832,26.26752,36.987648,31.0726656,18.422784,33.534412800000005,50.030592,54.068736,63.75936,74.661888,39.046656,76.37836800000001,50.716415999999995,70.543872,52.0896,83.242752
66.77580488,35.15785366,27.79941463,38.92956098,57.33190244,36.78985366,75.47121951,36.30634146,36.77463415,38.48273171,20.32858537,41.62692683,54.20292683,26.35668293,80.3964878,25.728,36.39102439,26.98536585,12.29307317,30.547512199999996,47.49736585,58.62712195,67.48995122,73.30965854,30.4862439,75.72839024,48.54517073,70.15258537,50.01170732,83.35414634
67.08156322,36.11181609,30.02188506,34.81894253,57.45765517,37.54813793,77.28036782,37.54813793,38.784,36.54289655,20.39797701,35.96836782,55.01572414,26.20064368,82.8822069,29.07328736,41.22593103,25.33848276,16.37590805,25.91337931,47.38721839,55.32137931,62.62878161,75.90105747,32.75108046,74.89544828,47.1154023,70.15503448,46.82813793,78.34298851
66.64165517,34.49048276,28.57857471,36.48514943,58.33121839,35.9863908,78.77554023,36.31889655,38.05278161,37.48229885,17.77471264,39.47696552,56.17029885,29.67025287,81.56101149,28.61572414,39.3828046,30.16901149,13.952,33.49333333,48.21664368,60.66243678,66.14326437,72.55356322,32.2354023,74.54822989,49.18914943,72.55356322,50.51917241,79.20220690000001
66.83085283,36.43290566,29.85237736,36.43290566,57.9162566,38.0837434,73.76422642,37.42333585,35.79532075,37.75335849,21.92857358,36.43290566,54.28455849,27.18828679,78.71673962,28.50873962,40.08742642,27.18828679,16.97606038,28.83912453,46.03036981,57.23302642,62.53874717,76.05264906,32.82403019,76.3826717,46.36075472,71.10013585,47.0208,80.01436981
67.03440892,36.32118959,27.53808178,37.85718959,57.81840892,37.19875093,77.12761338,36.7601487,36.31512268,38.07666915,17.88347955,38.95423048,55.62432714,29.51910781,84.58813383,29.51910781,40.48416357,29.73858736,11.30087732,31.49371004,48.16380669,62.21299628,69.22849071,76.91420074,27.31895911,77.1336803,47.50572491,73.40359851,48.82224535,89.64080297
67.23073381,37.86025899,28.40391367,39.81064748,59.252374100000004,39.10135252,76.80448921,37.86025899,36.73657554,39.98779856,19.36195683,41.05174101,55.70658993,29.8822446,82.83246043,31.47798561,38.86411511,31.30048921,12.44753957,34.6691223,49.50146763,60.19925179999999,71.84011511,75.09168345,27.87176978,77.92817266,48.91165468,73.2973813,50.09507914,91.01317986
66.03642023,39.99240467,26.88560311,40.33307393,57.52529183,41.01366537,71.82368872,41.01366537,33.69450584,41.01366537,19.73603113,42.37559533,54.80180545,28.75778988,81.69674708,37.60958755,37.43925292,28.41749416,10.884607,41.01366537,45.60971206,61.10007782,63.31293385,82.20737743,31.65161089,83.22863813,46.63097276,75.39847471,46.97164202,85.61182879
66.76185467,41.28631142,26.704609,42.82696194,60.49727336,41.60985467,74.98397232,42.06261592,35.44692042,42.51537716,18.39479585,44.17528028,53.35806228,31.88794464,81.39836678,31.73414533,39.02981315,31.27175087,11.29777163,35.12337716,47.503391,60.69857439,66.08055363,77.07271972,30.316069199999998,77.97791003,47.78574394,74.36711419,48.45608305,88.1097301
65.42864516,35.51483871,29.0511828,35.82864516,57.275182799999996,36.45556989,72.95483871,36.14210753,37.20498925,36.76937634,20.89772043,37.71010753,52.571182799999995,27.36137634,80.48137634,30.49737634,41.28172043,27.67483871,13.998795699999999,32.06537634,47.23991398,54.95810753,61.03810753,75.02830108,35.00972043,75.02830108,47.55372043,66.87449462,49.74864516,83.49522581
65.72451485,35.4249505,28.47461386,35.71390099,57.63928713,36.58011881,73.80974257,37.15738614,36.55984158,36.86875248,19.52316832,37.44633663,54.46304951,27.91730693,80.73980198,33.98114851,39.15881188,28.49489109,13.45932673,32.53734653,46.66645545,56.50439604,61.10447525,77.29489109,30.496,78.16110891,46.37782178,70.94209901,46.08887129,82.78114851
65.89106383,43.82910638,25.69225532,42.60595745,58.41293617,43.60885106,74.3972766,44.69855319,36.25259574,43.42706383,15.36408511,44.33531915,52.78263829999999,30.89565957,83.54348936,35.78961702,37.22757447,31.2452766,8.564085106,31.41991489,45.44204255,64.62774468,66.76834043,82.66144681,21.90297872,79.93668085,44.39353191,78.78468085,,
66.98587234,37.05089362,28.19438298,38.17531915,57.05395745,38.36255319,76.91812766,38.36255319,36.43982979,38.92493617,19.01174468,40.42417021,53.49344681,32.55319149,78.41736170000001,23.93293617,40.93753191,30.11710638,10.95353191,37.42570213,48.24612766,58.97668085,68.85991489,75.28034043,28.38195745,76.02995745,48.433361700000006,75.46757447,48.62093617,85.02502128
67.7824911,40.48603559,26.059387899999997,40.79760854,58.75302491,40.48603559,75.56669039,41.73164413,34.15516014,41.10883986,17.65272598,42.97691103,51.28005694,32.70217794,83.03931673,34.25867616,41.93901779,33.32464057,10.49133096,36.12708897,45.67550178,60.10214947,61.86670463,80.65229893,31.97551601,80.65229893,46.29830605,75.67054804,45.67550178,84.07720996
64.06076873,36.80020847,29.00607166,37.65514007,57.79074919,37.94001303,71.18571987,37.3699544,36.41620847,37.94001303,21.02650163,38.79494463,53.23090554,29.105198699999995,79.16560261,32.52523779,39.83593485,28.53514007,13.78334853,35.15163518,49.24080782,59.31486645,61.49566124,74.13451466,34.13628665,75.84437785,48.67106189,72.99439739,49.24080782,80.97428013
65.91156164,34.80361644,28.15758904,33.90476712,59.01994521,35.70246575,74.00186301,36.60131507,35.04920548,34.50378082,20.96613699,34.80361644,54.22586301,25.81446575,82.69117808,31.80723288,40.44263014,27.01315068,11.3779726,30.90838356,46.73490411,57.87550685,62.01632877,76.75265753,33.25117808,77.05216438,47.03441096,71.65873973,48.23309589,82.74542466
69.07619772,35.02941445,28.54120152,35.675498100000006,59.53861597,36.73186312,78.28124715,35.19111787,37.11586312,37.28778707,19.18576426,37.03227376,56.77797719,25.08228137,84.09526996,25.33998479,40.49155894,25.01694297,11.82041065,26.1620076,48.78296578,60.33873764,66.81526996,77.5026616,32.09393156,77.98704183,48.72784791,76.04915589,49.85831179,86.06162738
66.62798616,38.84213149,25.6552526,40.03233218,56.76722491,40.37248443,76.65849135,39.35235986,35.17586159,40.37248443,16.64487197,41.22253287,50.81688581,31.53184775,79.71886505,30.17157093,42.9963737,31.36177163,8.994103806,34.93204152,45.54651903,59.41337024,61.35761938,78.11476817,31.77566782,78.96481661,46.22649135,74.71457439,46.5666436,82.02485813
65.54912542,36.43281356,30.1000678,35.27853559,57.72138305,38.655132200000004,74.23989153,38.14486779999999,37.07259661,37.67625763,20.37412881,35.48745763,56.48021695,30.00699661,83.19099661,31.32170847,39.45307119,28.83482034,12.78752542,28.84848814,46.61597288,61.30202034,64.06519322,77.48794576,25.48328136,74.68474576,45.59869831,77.1579661,45.26871864,84.90728136
65.45547020000001,39.62034437,31.79634437,38.81006623,58.14484768,40.30728477,74.76238411,40.45700662,39.35872848,39.62034437,23.64111258,38.92418543,53.35438411,31.32492715,84.34362914,35.66622517,42.57536424,31.175205300000002,12.78389404,36.41483444,45.41976159,58.57144371,62.48646358,76.9853245,28.24911258,74.28460927,44.84344371,76.66585429999999,45.14098013,86.78622517
65.61166667,35.47666667,29.46,35.173,59.232,36.38833333,71.384,36.08433333,36.14333333,36.38833333,23.08033333,35.78066667,54.675,26.059,80.498,28.48933333,39.18133333,25.45133333,13.66233333,29.70466667,46.77633333,56.74266667,60.44733333,76.79333333,33.10533333,76.79333333,46.47266667,71.325,47.08033333,81.95766667
65.04676056,38.81138028,26.41047887,41.78332394,56.92326761,39.60371831,76.73678873,38.61329577,35.12856338,41.38715493,17.49430986,44.16101408,52.47752113,29.66366197,80.06028169,26.72146479,38.20090141,30.28225352,9.965408451,34.84867606,47.47098592,57.38230986,70.61138028,73.77329577,29.69476056,78.02298592,49.78512676,73.58061972,51.36676056,86.97397183
67.29535786,45.66870903,30.29650836,40.35692308,58.86983278,45.11935786,75.72088294,47.13407358,40.18739799,42.00529766,19.48992642,40.54025418,52.64235452,36.14416054,84.69575920000001,37.60952508,43.66747826,36.51050167,15.64350502,32.114729100000005,46.23154515,64.90081605,64.18161873,79.91983946,25.90073579,74.60837458,44.40016054,74.42504348,42.56845485,89.62739799
66.83671137,38.77588338,28.59568513,39.50777843,55.49247813,39.87358601,75.98525948,39.69054227,38.84193586,40.42243732,18.71524198,40.97156851,57.13931195,32.18882799,84.76799999999999,32.37187172,39.20802332,31.45693294,12.49399417,31.82274052,47.80772012,62.56205248,69.03239649999999,73.3574344,28.04683382,76.46805831,48.1735277,72.99162682,48.35657143,88.90999417
63.45804982,34.57024911,29.51914591,37.68392883,56.91945907,34.88148043,69.68540925,35.5042847,36.68054093,37.99516014,22.98055516,39.86357295,51.62613523,26.16324555,78.71487544,28.34288968,38.86018505,28.654121000000004,14.26232028,35.81551601,48.201224200000006,56.05443416,61.27840569,70.37722420000001,34.18966548,72.24529537,48.201224200000006,66.64074021,47.88965125,76.29301068
65.90745600000001,34.902912,28.112640000000003,38.322432,55.64889599999999,36.162816,74.7264,36.162816,37.111296,38.142336,20.013696,40.122240000000005,51.149568,26.264064,77.965824,25.00416,37.291392,27.523968,14.794367999999999,29.683584000000003,47.265792,57.816959999999995,64.718592,75.508224,31.785984000000003,78.00614399999999,48.807168,72.08563199999999,49.454976,80.781312
65.96823529,39.09352941,28.10188235,34.571999999999996,57.86752941,39.65858824,76.32952941,41.73105882,36.95611765,36.64447059,19.24729412,34.00694118,55.79505882,30.23929412,85.37223529,33.06494118,42.60776471,28.16682353,14.34917647,23.83376471,44.86835294,59.628,64.83776471,77.52494118,21.50823529,72.25023529,43.17282353,73.00376471,40.91223529,87.13305882
67.86417021,36.76697872,29.422638300000003,33.35012766,58.97974468,37.96289362,77.43148936,39.15880851,37.62348936,35.2292766,17.80493617,34.71693617,52.14570213,31.12885106,86.14502128,36.59608511,43.43251064,30.10382979,11.31268085,29.93293617,47.02025532,58.63591489,62.73838298,78.96680851,27.71438298,77.08765957,45.99523404,74.52493617,45.65344681,83.57991489
66.69743284,37.36585075,29.89253731,35.9681194,58.15629851,37.831880600000005,74.30686567,37.05528358,37.0359403,37.05528358,22.28310448,36.12358209,56.75856716,26.18471642,79.89743284,28.51414925,41.15068657,27.14256716,14.98423881,28.048119399999997,47.28537313,54.75904478,61.88346269,76.96620896,33.15367164,75.87904478,47.22662687,71.73671642,46.95402985,80.53253731
67.33021782,35.10368317,31.29188119,33.15580198,58.36926733,35.29853465,75.70661386,34.90883168,40.83706931,34.90883168,20.77275248,35.10368317,55.30772277,28.04245545,81.13520792,28.11342574,43.36950495,28.67516832,16.09758416,29.45457426,47.26558416,56.14225743,66.94051485,68.9989703,28.17520792,66.85623762,48.43437624,67.44079208,48.43437624,80.29750495
65.11297297,38.64551351,30.51827027,37.42443243,57.78681081,39.05254054,71.21772973,39.45956757,37.43708108,38.23848649,23.19243243,38.64551351,50.868,29.69156757,83.02054054,36.20335135,42.32108108,29.28454054,13.01740541,37.01740541,44.76324324,56.14637838,59.41491892,78.53091892,30.51827027,77.71686486,44.35621622,72.01913514,44.35621622,80.56605405
65.08671572,37.66057525,28.43590635,38.29244147,56.5558796,38.60837458,74.24941806,38.45040803,36.17658863,39.71446154,19.27320401,40.03039465,51.65859532,33.07922408,80.25246823,33.07922408,41.86370569,33.55312375,13.26983278,33.7110903,48.11173244,61.55622742,63.03282943,80.94662207,32.85929097,82.68425418,47.39317726,78.26086957,48.02504348,88.37137124
66.68675618,39.2280424,28.54151237,37.98411307,58.18685512,38.60590813,76.43024735,39.64257244,37.66320848,37.77684806,20.24887633,38.60590813,54.86993639999999,27.82575265,83.06442403,31.97207067,41.18739223,26.58182332,12.78563958,31.14267138,46.37003534,57.47143463,65.65009187,74.26363251,27.29758304,73.43423322,46.78490459,72.60517314,46.78490459,84.21438869
68.20565472,37.06725733,28.98136808,36.15072313,59.04125081,37.06725733,77.37005863,38.53352443,38.14608469,37.43374593,18.90042997,37.43374593,55.92515961,33.21818893,83.23543974,29.36912052,38.87906189,31.56867752,12.66856026,29.00231922,47.3104886,60.71171336,67.10587622,74.45847557,26.41532248,74.64203257,46.42397394,72.88151140000001,46.3939544,87.10577199
67.88635216,34.64260465,28.28077076,34.14984718,59.01193355,34.80717608,77.74660465,37.10766777,37.48369435,35.46450498,17.43436545,34.64260465,55.56103654,27.90474419,83.82713621,33.16369435,39.45568106,27.74049169,12.83274419,30.04130233,46.68661794,58.1431495,62.4631495,78.52098339,29.26660465,77.5351495,45.86503654,75.23433887,45.53621262,83.28685714
66.17545946,37.95989189,29.04356757,39.12551351,58.34951351,38.95913514,74.83394595,37.29405405,36.86983784,39.79167568,18.55362162,39.45859459,52.85481081,30.80010811,80.99513514,29.30140541,40.0332973,31.13318919,12.55913514,34.46335135,48.69178378,61.77113514,67.95145946,71.89232432,29.89264865,73.95697297,48.51405405,71.83751351,48.90616216,84.83708108
66.50322581,36.19083871,27.276387100000004,38.08567742,58.73341935,36.75948387,77.87303226,36.00116129,36.18270968,38.27535484,17.61174194,39.60193548,54.94335484,26.52619355,83.93729032,27.66309677,39.59380645,25.76825806,9.510580645,32.85058065,47.93187097,59.68916129,71.80916129,71.81729032,26.89741935,75.22800000000001,48.12154839,70.86967742,48.87948387,87.35612903
64.82677551,37.05502041,27.92457143,37.65028571,57.38677551,38.8404898,72.86171429,38.24555102,36.25730612,39.13828571,19.29436735,39.13828571,52.3275102,31.40081633,79.11118367,32.59102041,41.61404082,31.69828571,13.34236735,33.78155102,48.16130612,57.58922449,61.55297959,80.80195918,32.98383673,82.28995918,47.56604082,75.14742857,47.56604082,87.05142857
66.98798587,38.05229682,27.658515899999998,41.74744876,59.10614841,39.27790813,76.88819788,38.78366078,35.39720141,40.43024735,17.9445371,46.02843816,52.02657244,28.90515901,82.97995759999999,27.91700353,39.51332862,30.38688339,11.0294841,35.65568905,47.08715194,56.56571025,67.33874205,79.78108834,35.39720141,83.23844523,49.39216961,74.67680565,51.20327915,86.86066431
66.50762701,36.24818006,31.09504823,35.05265595,59.33540836,37.4433955,73.82924759,37.14459164,38.11755627,36.09877814,22.8767074,36.09877814,56.19765916,27.8804373,83.24280386,32.661916399999996,41.25561415,27.8804373,15.10688103,29.82297106,48.57723473,55.52349839,62.62255949,76.29283601,34.53160129,76.44223794,48.09353055,71.55025079999999,47.95894534,80.32267524
67.2,36.86542222,27.0176,35.24515556,59.42293333,37.83751111,73.3568,38.16142222,34.47075556,36.54115556,19.56444444,35.56906667,53.91395556,27.46773333,82.75448889,32.97671111,39.65582222,26.49564444,10.49102222,29.41226667,46.13653333,56.95644444,60.07075556,77.37173333,30.5824,76.39928889,46.13653333,71.53884444,46.13653333,80.93617778
65.45105455,34.24965818,30.71266909,36.89786182,56.26018909,36.27473455,74.33053091,36.27473455,39.12471273,37.83272727,21.52180364,39.54606545,54.54650182,28.64186182,81.02888727,27.55130182,39.43610182,29.10894545,15.60226909,32.84770909,47.84814545,58.55092364,64.04910545,72.72680727,34.45143273,74.44049455,48.47127273,70.07860364,49.0944,79.73690182
64.71447273,42.04555636,28.12625455,43.31834182,59.30565818,42.68194909,72.03211636,42.68194909,35.12552727,43.63636364,22.08104727,43.95438545,53.89684364,32.18269091,81.57696,34.09152,40.21632,32.18269091,12.85457455,36.00069818,46.26117818,62.407680000000006,63.76005818,82.13341091,32.26228364,82.76980364,47.21559273,75.45215999999999,48.48837818,87.54222545
65.00198658,35.57057718,29.53642953,37.77728859,56.64773154,37.46222819,72.88332886,36.20102013,37.41777181,37.93514094,20.70958389,39.03849664,55.70222819,29.89626846,79.03055034,29.58088591,38.160644299999994,32.64998658,15.81809396,32.53014765,47.0325906,58.26845638,65.15951678,75.9224698,33.4769396,77.65626846,48.29379866,74.03114094,48.60885906,82.07001342
67.21465649,35.04256489,26.07499237,34.33941985,58.59993893,36.09746565,76.70839695,36.44922137,35.2169771,35.74607634,16.40537405,35.21844275,59.12720611,27.13135878,85.85074809,30.47157252,35.92048855,27.30687023,8.845557252,28.01038168,46.64464122,58.42552672,60.35798473,77.41300763,30.11871756,76.18259542,45.58974046,73.36964886,45.76561832,83.91829008
65.20764706,40.73047059,28.788,41.742,57.95752941,41.06788235,74.64988235,40.89917647,36.88129412,42.07941176,20.69505882,41.57364706,54.92258824,29.09647059,82.06870588,30.78247059,40.422,30.27670588,11.58988235,31.28858824,46.998000000000005,60.96352941,64.70188235,80.69082353,31.50847059,80.86023529,47.84082353,75.80117647,47.84082353,84.56894118
65.72857554,38.37030216,28.57761151,38.94768345,58.22158273,39.33271942,74.96805755,39.33271942,37.81743885,39.14002878,20.10785612,39.91010072,55.33398561,30.28558273,81.03056115,31.64477698,41.66710791,31.44034532,13.94831655,34.32794245,49.17444604,57.81202878,64.76615827,77.25341007,32.427625899999995,77.06106475,48.78941007,72.82635971,48.78941007,79.37093525
65.92327273,37.63963636,31.57418182,36.24472727,58.07709091,39.732,77.18545455,38.98763636,39.76909091,38.33709091,20.93854545,36.76763636,55.11272727,28.92145455,84.75381818,28.74727273,41.86145455,28.39854545,14.31272727,27.17781818,47.78981818,61.00363636,64.70254545,80.35745455,30.70254545,78.78836364,48.13854545,74.25490909,47.44109091,86.98327273
66.46632911,38.58227848,29.364455699999997,36.09022785,59.2675443,39.96668354,73.94187342,39.13610127,37.39412658,38.0284557,20.50450633,36.92111392,55.39108861,32.21407595,80.58713924,33.04465823,43.48526582,30.82967089,13.85924051,31.38349367,46.53113924,62.67068354,59.544303799999994,81.49853165,31.02592405,80.39088608,46.53113924,77.06855696,45.14673418,86.75908861
65.37966667,35.79733333,27.405,37.01266667,57.481,37.31633333,72.671,36.709,35.60766667,37.924,19.20266667,38.53166667,52.62033333,29.41766667,79.962,31.54433333,38.038000000000004,30.02533333,12.82266667,32.152,45.633,57.67100000000001,63.253,79.54433333,33.17733333,79.54433333,47.152,74.98733333,47.45566667,84.709
68.58677228,35.0520396,28.44039604,36.38463366,59.42463366,36.38463366,77.888,35.80863366,37.10257426,36.71762376,18.61227723,38.21687129,55.95881188,25.61964356,84.24522772,27.72245545,39.32324752,26.73679208,11.9489901,32.05354455,48.27627723,54.88506931,63.58906931,76.53069307,34.27073267,77.1969901,48.43025743,70.20071287,48.26360396,83.1939802
66.3456,35.20675556,28.976,36.6688,58.38435556,36.99377778,76.09422222,35.36924444,37.42471111,37.64373333,19.38986667,36.99377778,56.272,25.78275556,81.13102222,23.18328889,37.5872,27.08266667,13.21564444,24.80817778,47.01084444,53.2416,62.7712,75.82577778,30.27591111,75.82577778,47.6608,69.48942222,47.6608,78.75057778
62.94946075,37.92393174,28.60865529,38.81971331,56.37984983,39.41701024,70.11604096,37.92393174,35.77556314,39.71549488,22.03937201,40.01430717,53.39369283,31.35432082,77.28262116,33.1462116,42.34517406,32.54891468,13.97668259,35.23625939,48.6159727,60.31978157,60.85908532,75.84786348,33.68518771,77.34094198,48.6159727,72.26440956,48.91445734,81.82017747
64.98913907,36.45043709,30.11793377,39.89086093,56.54495364,38.014410600000005,75.15337748,37.07602649,38.40572185,39.89086093,19.95369536,42.39290066,51.38479470000001,29.72662252,80.78272848,29.57022517,41.68974834,31.13388079,13.85515232,35.98156291,44.504264899999995,56.93531126,64.83274172,75.70013245,33.55835762,78.51496689,47.47549669,72.57282119,48.88275497,81.7986755
64.12354286,37.00285714,28.68137143,37.33097143,56.0832,39.95657143,73.70434286,37.69885714,38.36228571,39.13611429,19.6104,37.98411429,55.56822857,31.62788571,79.71154286,31.75234286,44.26937143,32.24468571,12.92914286,31.91622857,50.66845714,63.25645714,61.33405714,79.17257143,33.768,80.32114286,48.69942857,76.54731429,48.69942857,84.58731429
67.10497297,36.15016216,30.8532973,34.33783784,57.2867027,36.75437838,76.3187027,37.50972973,39.312,35.39513514,20.88421622,35.244,57.02789189,28.24994595,83.52713514,30.39145946,40.52043243,27.54064865,15.44659459,27.08756757,43.54151351,57.59902703,61.06281081,71.79762162,31.91059459,70.74032432,45.35383784,68.77654054,44.74962162,78.44367568
64.52917572,36.28892013,30.42003834,39.58451118,56.61975719,37.27744409,73.5921278,36.61832588,37.50563578,39.09009585,21.8515016,41.39685623,52.99476038,28.04978914,79.35948882,26.896562300000003,40.3068115,29.86244089,14.10678594,34.14655591,46.84401278,56.04007668,64.52917572,73.52894569,33.55092652,76.49482428,48.71033866,71.22187859,49.20475399,78.63688179
64.9709589,30.56712329,26.61764384,34.76186301,58.97819178,32.06531507,72.76142466,30.86663014,33.80876712,35.36120548,18.82717808,37.15890411,53.88460274,24.27452055,79.05402740000001,25.17369863,37.10498629999999,25.77271233,10.43736986,26.97139726,48.49117808,53.6390137,65.57030137,71.61698630000001,34.40810959,75.51254795,49.3900274,67.42224658,49.68953425,79.40778082
